<?xml version="1.0" encoding="UTF-8"?>
<project xmlns="http://maven.apache.org/POM/4.0.0" xmlns:xsi="http://www.w3.org/2001/XMLSchema-instance" xsi:schemaLocation="http://maven.apache.org/POM/4.0.0 http://maven.apache.org/maven-v4_0_0.xsd">
  <modelVersion>4.0.0</modelVersion>
  <groupId>edu.iit.cs445</groupId>
  <artifactId>VIN-Cuevas</artifactId>
  <name>VIN-Cuevas</name>
  <version>0.0.1-SNAPSHOT</version>
  <build>
    <plugins>
      <plugin>
        <artifactId>maven-compiler-plugin</artifactId>
        <version>2.5.1</version>
        <inherited>true</inherited>
        <configuration>
          <source>1.7</source>
          <target>1.7</target>
          <archive>
            <manifest>
              <addClasspath>true</addClasspath>
              <classpathPrefix>lib/</classpathPrefix>
              <mainClass>edu.iit.cs445.VIN_Cuevas.Main</mainClass>
            </manifest>
          </archive>
        </configuration>
      </plugin>
      <plugin>
        <artifactId>maven-shade-plugin</artifactId>
        <version>2.4</version>
        <executions>
          <execution>
            <phase>package</phase>
            <goals>
              <goal>shade</goal>
            </goals>
            <configuration>
              <transformers>
                <transformer>
                  <mainClass>edu.iit.cs445.VIN_Cuevas.Main</mainClass>
                </transformer>
              </transformers>
              <minimizeJar>true</minimizeJar>
              <filters>
                <filter>
                  <artifact>*:*</artifact>
                  <excludes>
                    <exclude>META-INF/*.SF</exclude>
                    <exclude>META-INF/*.DSA</exclude>
                    <exclude>META-INF/*.RSA</exclude>
                  </excludes>
                </filter>
              </filters>
            </configuration>
          </execution>
        </executions>
      </plugin>
      <plugin>
        <groupId>org.codehaus.mojo</groupId>
        <artifactId>exec-maven-plugin</artifactId>
        <version>1.2.1</version>
        <executions>
          <execution>
            <goals>
              <goal>java</goal>
            </goals>
          </execution>
        </executions>
        <configuration>
          <mainClass>edu.iit.cs445.VIN_Cuevas.Main</mainClass>
        </configuration>
      </plugin>
    </plugins>
  </build>
  <dependencies>
    <dependency>
      <groupId>junit</groupId>
      <artifactId>junit</artifactId>
      <version>4.9</version>
      <scope>test</scope>
      <exclusions>
        <exclusion>
          <artifactId>hamcrest-core</artifactId>
          <groupId>org.hamcrest</groupId>
        </exclusion>
      </exclusions>
    </dependency>
    <dependency>
      <groupId>org.glassfish.jersey.test-framework.providers</groupId>
      <artifactId>jersey-test-framework-provider-grizzly2</artifactId>
      <version>2.7</version>
      <scope>test</scope>
      <exclusions>
        <exclusion>
          <artifactId>jersey-test-framework-core</artifactId>
          <groupId>org.glassfish.jersey.test-framework</groupId>
        </exclusion>
        <exclusion>
          <artifactId>asm-all-repackaged</artifactId>
          <groupId>org.glassfish.hk2.external</groupId>
        </exclusion>
      </exclusions>
    </dependency>
  </dependencies>
  <dependencyManagement>
    <dependencies>
      <dependency>
        <groupId>org.glassfish.jersey</groupId>
        <artifactId>jersey-bom</artifactId>
        <version>${jersey.version}</version>
        <type>pom</type>
        <scope>import</scope>
      </dependency>
    </dependencies>
  </dependencyManagement>
  <properties>
    <jersey.version>2.7</jersey.version>
    <jdk.version>1.7</jdk.version>
    <project.build.sourceEncoding>UTF-8</project.build.sourceEncoding>
    <junit.version>4.9</junit.version>
  </properties>
</project>

